"metric","estimate","upper","lower"
"model_coefficient",6.91061583522233,11.8377923076208,1.98343936282386
"pct_change",403.115257227262,690.531032960529,115.699481493995
"attributable_cases",10948.4569372907,18754.5599991245,3142.35387545683
"attributable_case_prop_region",0.571959927765681,0.979759690686684,0.164160164844678
