"metric","estimate","upper","lower"
"model_coefficient",6.91189059674805,11.8126735543983,2.01110763909784
"pct_change",403.189617578438,689.065786894481,117.313448262394
"attributable_cases",10950.4765361227,18714.7644737281,3186.18859851738
"attributable_case_prop_region",0.572065433921364,0.977680726869089,0.166450140973638
